timestamp,RED,IR,GREEN
1772597766.533000,758562.000000,1150728.000000,-3514.000000
1772597766.573000,758647.000000,1150996.000000,-2786.000000
1772597766.613000,758697.000000,1151154.000000,-2157.000000
1772597766.653000,759011.000000,1151654.000000,-1403.000000
1772597766.693000,759255.000000,1152058.000000,-692.000000
1772597766.733000,759053.000000,1151786.000000,-451.000000
1772597766.773000,758933.000000,1151363.000000,-1033.000000
1772597766.813000,758825.000000,1151322.000000,-1608.000000
1772597766.853000,758835.000000,1151449.000000,-2113.000000
1772597766.893000,758943.000000,1151494.000000,-2370.000000
1772597766.933000,758877.000000,1151504.000000,-2488.000000
1772597766.973000,758842.000000,1151609.000000,-2485.000000
1772597767.013000,758780.000000,1151545.000000,-2322.000000
1772597767.053000,758859.000000,1151773.000000,-2214.000000
1772597767.093000,758837.000000,1151797.000000,-2142.000000
1772597767.133000,758868.000000,1151938.000000,-2006.000000
1772597767.173000,758701.000000,1151837.000000,-1797.000000
1772597767.213000,758590.000000,1151693.000000,-1397.000000
1772597767.253000,758622.000000,1151706.000000,-1083.000000
1772597767.293000,758675.000000,1151863.000000,-601.000000
1772597767.333000,758828.000000,1152093.000000,-66.000000
1772597767.373000,758784.000000,1152132.000000,469.000000
1772597767.413000,758730.000000,1152049.000000,1069.000000
1772597767.453000,758654.000000,1151983.000000,1582.000000
1772597767.493000,758595.000000,1151982.000000,2231.000000
1772597767.533000,758541.000000,1152039.000000,2836.000000
1772597767.573000,758533.000000,1152007.000000,3556.000000
1772597767.613000,758327.000000,1151628.000000,3777.000000
1772597767.653000,758148.000000,1151108.000000,3207.000000
1772597767.693000,758150.000000,1151169.000000,2305.000000
1772597767.733000,758387.000000,1151564.000000,1675.000000
1772597767.773000,758368.000000,1151561.000000,1186.000000
1772597767.813000,758115.000000,1151223.000000,821.000000
1772597767.853000,758122.000000,1151186.000000,619.000000
1772597767.893000,758148.000000,1151311.000000,592.000000
1772597767.933000,758216.000000,1151283.000000,584.000000
1772597767.973000,758068.000000,1151079.000000,474.000000
1772597768.013000,757859.000000,1150847.000000,459.000000
1772597768.053000,757963.000000,1151038.000000,552.000000
1772597768.093000,758106.000000,1151265.000000,740.000000
1772597768.133000,757922.000000,1151197.000000,998.000000
1772597768.173000,757629.000000,1150745.000000,1375.000000
1772597768.213000,757691.000000,1150758.000000,1844.000000
1772597768.253000,757769.000000,1151050.000000,2268.000000
1772597768.293000,757714.000000,1151075.000000,2804.000000
1772597768.333000,757625.000000,1151135.000000,3351.000000
1772597768.373000,757631.000000,1151093.000000,3825.000000
1772597768.413000,757521.000000,1151018.000000,4429.000000
1772597768.453000,757589.000000,1151098.000000,5054.000000
1772597768.493000,757753.000000,1151318.000000,5617.000000
1772597768.533000,757591.000000,1151098.000000,6094.000000
1772597768.573000,757223.000000,1150320.000000,5645.000000
1772597768.613000,756913.000000,1149770.000000,4792.000000
1772597768.653000,756788.000000,1149495.000000,4067.000000
1772597768.693000,756747.000000,1149499.000000,3634.000000
1772597768.733000,756756.000000,1149466.000000,3238.000000
1772597768.773000,756694.000000,1149414.000000,3031.000000
1772597768.813000,756653.000000,1149472.000000,2969.000000
1772597768.853000,756606.000000,1149282.000000,2981.000000
1772597768.893000,756575.000000,1149329.000000,2847.000000
1772597768.933000,756555.000000,1149258.000000,2783.000000
1772597768.973000,756660.000000,1149420.000000,2902.000000
1772597769.013000,756790.000000,1149511.000000,3082.000000
1772597769.053000,756846.000000,1149606.000000,3327.000000
1772597769.093000,756965.000000,1149793.000000,3654.000000
1772597769.133000,757160.000000,1150047.000000,4047.000000
1772597769.173000,757348.000000,1150423.000000,4517.000000
1772597769.213000,757533.000000,1150705.000000,5083.000000
1772597769.253000,757736.000000,1151228.000000,5590.000000
1772597769.293000,758013.000000,1151630.000000,6158.000000
1772597769.333000,758058.000000,1151972.000000,6721.000000
1772597769.373000,758230.000000,1152342.000000,7332.000000
1772597769.413000,758170.000000,1152158.000000,7545.000000
1772597769.453000,757965.000000,1151787.000000,6988.000000
1772597769.493000,757967.000000,1151815.000000,6159.000000
1772597769.533000,758027.000000,1152035.000000,5583.000000
1772597769.573000,758108.000000,1152151.000000,5295.000000
1772597769.613000,758162.000000,1152295.000000,5028.000000
1772597769.653000,758296.000000,1152637.000000,5052.000000
1772597769.693000,758293.000000,1152857.000000,5190.000000
1772597769.733000,758315.000000,1152729.000000,5146.000000
1772597769.773000,758293.000000,1152774.000000,5156.000000
1772597769.813000,758270.000000,1152819.000000,5157.000000
1772597769.853000,758313.000000,1152991.000000,5321.000000
1772597769.893000,758410.000000,1153260.000000,5677.000000
1772597769.933000,758472.000000,1153371.000000,6022.000000
1772597769.973000,758522.000000,1153527.000000,6413.000000
1772597770.013000,758537.000000,1153605.000000,6826.000000
1772597770.053000,758502.000000,1153729.000000,7403.000000
1772597770.093000,758598.000000,1153907.000000,7865.000000
1772597770.133000,758652.000000,1154003.000000,8296.000000
1772597770.173000,758683.000000,1154159.000000,8952.000000
1772597770.213000,758714.000000,1154291.000000,9532.000000
1772597770.253000,758492.000000,1153986.000000,9744.000000
1772597770.293000,758204.000000,1153375.000000,9001.000000
1772597770.333000,758073.000000,1153142.000000,8103.000000
1772597770.373000,758027.000000,1153186.000000,7366.000000
1772597770.413000,758041.000000,1153179.000000,6774.000000
1772597770.453000,757926.000000,1153084.000000,6312.000000
1772597770.493000,757756.000000,1152985.000000,6054.000000
1772597770.533000,757875.000000,1153193.000000,5941.000000
1772597770.573000,757917.000000,1153176.000000,5873.000000
1772597770.613000,757844.000000,1153163.000000,5712.000000
1772597770.653000,757874.000000,1153104.000000,5584.000000
1772597770.693000,757842.000000,1153159.000000,5556.000000
1772597770.733000,757972.000000,1153368.000000,5795.000000
1772597770.773000,758046.000000,1153611.000000,5976.000000
1772597770.813000,758118.000000,1153814.000000,6379.000000
1772597770.853000,758054.000000,1153736.000000,6725.000000
1772597770.893000,758002.000000,1153697.000000,7069.000000
1772597770.933000,758063.000000,1153776.000000,7456.000000
1772597770.973000,758227.000000,1154154.000000,7896.000000
1772597771.013000,758153.000000,1154235.000000,8470.000000
1772597771.053000,758182.000000,1154204.000000,8904.000000
1772597771.093000,757962.000000,1154005.000000,9313.000000
1772597771.133000,757616.000000,1153380.000000,8882.000000
1772597771.173000,757454.000000,1152927.000000,7824.000000
1772597771.213000,757166.000000,1152318.000000,6846.000000
1772597771.253000,757045.000000,1152036.000000,6050.000000
1772597771.293000,757041.000000,1152152.000000,5323.000000
1772597771.333000,757196.000000,1152345.000000,4938.000000
1772597771.373000,757364.000000,1152526.000000,4746.000000
1772597771.413000,757475.000000,1152695.000000,4622.000000
1772597771.453000,757584.000000,1152683.000000,4460.000000
1772597771.493000,757613.000000,1152713.000000,4303.000000
1772597771.533000,757889.000000,1152942.000000,4176.000000
1772597771.573000,758224.000000,1153502.000000,4330.000000
1772597771.613000,758205.000000,1153608.000000,4533.000000
1772597771.653000,758251.000000,1153742.000000,4844.000000
1772597771.693000,758371.000000,1153966.000000,5144.000000
1772597771.733000,758333.000000,1154066.000000,5562.000000
1772597771.773000,758444.000000,1154270.000000,5950.000000
1772597771.813000,758554.000000,1154460.000000,6377.000000
1772597771.853000,758629.000000,1154603.000000,6946.000000
1772597771.893000,758821.000000,1154842.000000,7466.000000
1772597771.933000,758809.000000,1154871.000000,7907.000000
1772597771.973000,758423.000000,1154014.000000,7540.000000
1772597772.013000,758157.000000,1153423.000000,6384.000000
1772597772.053000,758063.000000,1153146.000000,5346.000000
1772597772.093000,758291.000000,1153478.000000,4498.000000
1772597772.133000,758561.000000,1153918.000000,3893.000000
1772597772.173000,758730.000000,1154099.000000,3474.000000
1772597772.213000,758820.000000,1154337.000000,3213.000000
1772597772.253000,758729.000000,1154161.000000,3065.000000
1772597772.293000,758644.000000,1153897.000000,2906.000000
1772597772.333000,758415.000000,1153820.000000,2642.000000
1772597772.373000,758728.000000,1154163.000000,2466.000000
1772597772.413000,758851.000000,1154464.000000,2569.000000
1772597772.453000,758943.000000,1154490.000000,2719.000000
1772597772.493000,759024.000000,1154784.000000,2950.000000
1772597772.533000,759023.000000,1154895.000000,3346.000000
1772597772.573000,758906.000000,1154616.000000,3599.000000
1772597772.613000,758615.000000,1154424.000000,3928.000000
1772597772.653000,758336.000000,1154072.000000,4225.000000
1772597772.693000,758183.000000,1153648.000000,4610.000000
1772597772.733000,757949.000000,1153474.000000,4970.000000
1772597772.773000,757420.000000,1152645.000000,4601.000000
1772597772.813000,756948.000000,1151681.000000,3439.000000
1772597772.853000,756501.000000,1150920.000000,2140.000000
1772597772.893000,756393.000000,1150578.000000,1147.000000
1772597772.933000,756460.000000,1150685.000000,446.000000
1772597772.973000,756630.000000,1150894.000000,-102.000000
1772597773.013000,756844.000000,1151309.000000,-306.000000
1772597773.053000,756943.000000,1151372.000000,-463.000000
1772597773.093000,756726.000000,1150950.000000,-733.000000
1772597773.133000,756452.000000,1150703.000000,-1011.000000
1772597773.173000,756471.000000,1150585.000000,-1139.000000
1772597773.213000,756416.000000,1150580.000000,-1231.000000
1772597773.253000,756429.000000,1150614.000000,-1148.000000
1772597773.293000,756457.000000,1150712.000000,-852.000000
1772597773.333000,756465.000000,1150776.000000,-607.000000
1772597773.373000,756369.000000,1150736.000000,-266.000000
1772597773.413000,756286.000000,1150757.000000,96.000000
1772597773.453000,756194.000000,1150695.000000,508.000000
1772597773.493000,756141.000000,1150556.000000,866.000000
1772597773.533000,755997.000000,1150554.000000,1341.000000
1772597773.573000,755855.000000,1150215.000000,1524.000000
1772597773.613000,755600.000000,1149574.000000,704.000000
1772597773.653000,755334.000000,1149130.000000,-493.000000
1772597773.693000,755278.000000,1149011.000000,-1554.000000
1772597773.733000,755324.000000,1149031.000000,-2485.000000
1772597773.773000,755424.000000,1149316.000000,-3051.000000
1772597773.813000,755718.000000,1149688.000000,-3314.000000
1772597773.853000,755895.000000,1150048.000000,-3452.000000
1772597773.893000,756057.000000,1150231.000000,-3663.000000
1772597773.933000,756116.000000,1150471.000000,-3908.000000
1772597773.973000,756427.000000,1150814.000000,-4070.000000
1772597774.013000,756650.000000,1151330.000000,-4110.000000
1772597774.053000,756863.000000,1151670.000000,-3921.000000
1772597774.093000,757025.000000,1151908.000000,-3735.000000
1772597774.133000,757198.000000,1152209.000000,-3376.000000
1772597774.173000,757223.000000,1152436.000000,-2927.000000
1772597774.213000,757411.000000,1152727.000000,-2542.000000
1772597774.253000,757469.000000,1152913.000000,-2146.000000
1772597774.293000,757591.000000,1153158.000000,-1565.000000
1772597774.333000,757760.000000,1153542.000000,-1001.000000
1772597774.373000,757622.000000,1153241.000000,-1021.000000
1772597774.413000,757464.000000,1152878.000000,-2011.000000
1772597774.453000,757306.000000,1152623.000000,-3322.000000
1772597774.493000,757412.000000,1152629.000000,-4476.000000
1772597774.558000,757436.000000,1152779.000000,-5263.000000
1772597774.598000,757509.000000,1152818.000000,-5875.000000
1772597774.638000,757536.000000,1152952.000000,-6239.000000
1772597774.678000,757534.000000,1152963.000000,-6381.000000
1772597774.718000,757522.000000,1152934.000000,-6617.000000
1772597774.758000,757404.000000,1152798.000000,-6984.000000
1772597774.798000,757350.000000,1152845.000000,-7238.000000
1772597774.838000,757480.000000,1152889.000000,-7228.000000
1772597774.878000,757476.000000,1153096.000000,-7216.000000
1772597774.918000,757531.000000,1153155.000000,-6938.000000
1772597774.958000,757527.000000,1153327.000000,-6670.000000
1772597774.998000,757682.000000,1153497.000000,-6301.000000
1772597775.038000,757660.000000,1153600.000000,-5862.000000
1772597775.078000,757711.000000,1153762.000000,-5403.000000
1772597775.118000,757719.000000,1153942.000000,-4955.000000
1772597775.158000,757778.000000,1154050.000000,-4403.000000
1772597775.198000,757870.000000,1154217.000000,-3786.000000
1772597775.238000,757749.000000,1154007.000000,-3520.000000
1772597775.278000,757508.000000,1153285.000000,-4396.000000
1772597775.318000,757242.000000,1152868.000000,-5855.000000
1772597775.358000,757258.000000,1152720.000000,-7211.000000
1772597775.398000,757213.000000,1152717.000000,-8319.000000
1772597775.438000,757147.000000,1152563.000000,-9211.000000
1772597775.478000,757162.000000,1152604.000000,-9833.000000
1772597775.518000,757252.000000,1152861.000000,-10182.000000
1772597775.558000,757187.000000,1152838.000000,-10489.000000
1772597775.598000,757220.000000,1152813.000000,-10832.000000
1772597775.638000,757072.000000,1152847.000000,-11228.000000
1772597775.678000,757201.000000,1152857.000000,-11399.000000
1772597775.718000,757359.000000,1153192.000000,-11380.000000
1772597775.758000,757474.000000,1153475.000000,-11144.000000
1772597775.798000,757566.000000,1153702.000000,-10900.000000
1772597775.838000,757615.000000,1153781.000000,-10529.000000
1772597775.878000,757672.000000,1153955.000000,-10165.000000
1772597775.918000,757603.000000,1153967.000000,-9783.000000
1772597775.958000,757555.000000,1154069.000000,-9277.000000
1772597775.998000,757610.000000,1154170.000000,-8744.000000
1772597776.038000,757631.000000,1154277.000000,-8246.000000
1772597776.078000,757667.000000,1154389.000000,-7715.000000
1772597776.118000,757765.000000,1154577.000000,-7089.000000
1772597776.158000,757724.000000,1154657.000000,-6369.000000
1772597776.198000,757472.000000,1154047.000000,-6316.000000
1772597776.238000,757160.000000,1153479.000000,-7425.000000
1772597776.278000,757062.000000,1153164.000000,-8972.000000
1772597776.318000,757034.000000,1153108.000000,-10193.000000
1772597776.358000,757050.000000,1153104.000000,-11243.000000
1772597776.398000,756956.000000,1152938.000000,-12015.000000
1772597776.438000,756847.000000,1152921.000000,-12571.000000
1772597776.478000,756813.000000,1152915.000000,-12911.000000
1772597776.518000,756675.000000,1152703.000000,-13259.000000
1772597776.558000,756480.000000,1152486.000000,-13631.000000
1772597776.598000,756289.000000,1152174.000000,-14014.000000
1772597776.638000,756242.000000,1152209.000000,-14204.000000
1772597776.678000,756343.000000,1152423.000000,-14168.000000
1772597776.718000,756299.000000,1152466.000000,-13927.000000
1772597776.758000,756288.000000,1152468.000000,-13691.000000
1772597776.798000,756226.000000,1152471.000000,-13309.000000
1772597776.838000,756142.000000,1152398.000000,-12917.000000
1772597776.878000,756162.000000,1152451.000000,-12544.000000
1772597776.918000,756127.000000,1152433.000000,-12187.000000
1772597776.958000,756088.000000,1152441.000000,-11595.000000
1772597776.998000,756007.000000,1152366.000000,-11054.000000
1772597777.038000,755906.000000,1152349.000000,-10484.000000
1772597777.078000,755949.000000,1152354.000000,-9817.000000
1772597777.118000,755847.000000,1152483.000000,-9166.000000
1772597777.158000,755866.000000,1152374.000000,-8591.000000
1772597777.198000,755431.000000,1151559.000000,-9130.000000
1772597777.238000,755244.000000,1151001.000000,-10406.000000
1772597777.278000,755165.000000,1150869.000000,-11654.000000
1772597777.318000,755161.000000,1150735.000000,-12618.000000
1772597777.358000,755123.000000,1150757.000000,-13874.000000
1772597777.398000,755194.000000,1150879.000000,-14152.000000
1772597777.438000,755130.000000,1150783.000000,-14307.000000
1772597777.478000,754989.000000,1150687.000000,-14643.000000
1772597777.518000,754978.000000,1150640.000000,-14936.000000
1772597777.558000,755019.000000,1150652.000000,-15148.000000
1772597777.598000,755088.000000,1150847.000000,-15101.000000
1772597777.638000,755255.000000,1151179.000000,-14891.000000
1772597777.678000,755659.000000,1151655.000000,-14573.000000
1772597777.718000,756027.000000,1152235.000000,-14220.000000
1772597777.758000,756527.000000,1153208.000000,-13763.000000
1772597777.798000,757247.000000,1154040.000000,-13115.000000
1772597777.838000,757502.000000,1154563.000000,-12534.000000
1772597777.878000,757685.000000,1154794.000000,-11887.000000
1772597777.918000,758009.000000,1155261.000000,-11232.000000
1772597777.958000,758264.000000,1155711.000000,-10509.000000
1772597777.998000,758322.000000,1155834.000000,-9750.000000
1772597778.038000,758201.000000,1155678.000000,-9276.000000
1772597778.078000,757895.000000,1155001.000000,-9894.000000
1772597778.118000,757799.000000,1154704.000000,-11078.000000
1772597778.158000,758052.000000,1155029.000000,-12103.000000
1772597778.198000,758401.000000,1155425.000000,-12785.000000
1772597778.238000,758435.000000,1155561.000000,-13249.000000
1772597778.278000,758559.000000,1155568.000000,-13487.000000
1772597778.318000,758950.000000,1155873.000000,-13445.000000
1772597778.358000,758682.000000,1155353.000000,-13604.000000
1772597778.398000,758059.000000,1154524.000000,-13842.000000
1772597778.438000,757960.000000,1154197.000000,-14186.000000
1772597778.478000,758171.000000,1154683.000000,-14179.000000
1772597778.518000,758568.000000,1155245.000000,-14107.000000
1772597778.558000,758680.000000,1155709.000000,-13797.000000
1772597778.598000,758666.000000,1155633.000000,-13507.000000
1772597778.638000,758289.000000,1155301.000000,-13041.000000
1772597778.678000,757971.000000,1155023.000000,-12642.000000
1772597778.718000,757690.000000,1154793.000000,-12262.000000
1772597778.758000,757517.000000,1154697.000000,-11827.000000
1772597778.798000,757409.000000,1154667.000000,-11439.000000
1772597778.838000,757533.000000,1154947.000000,-10946.000000
1772597778.878000,757499.000000,1155067.000000,-10372.000000
1772597778.918000,757227.000000,1154881.000000,-9724.000000
1772597778.958000,757001.000000,1154288.000000,-9577.000000
1772597778.998000,756755.000000,1153548.000000,-10392.000000
1772597779.038000,756606.000000,1153132.000000,-11732.000000
1772597779.078000,756535.000000,1153080.000000,-12964.000000
1772597779.118000,756451.000000,1153012.000000,-13857.000000
1772597779.158000,756402.000000,1153018.000000,-14509.000000
1772597779.198000,756390.000000,1152926.000000,-14965.000000
1772597779.238000,756457.000000,1153075.000000,-15220.000000
1772597779.278000,756458.000000,1153129.000000,-15473.000000
1772597779.318000,756518.000000,1153190.000000,-15781.000000
1772597779.358000,756531.000000,1153285.000000,-16051.000000
1772597779.398000,756652.000000,1153308.000000,-16232.000000
1772597779.438000,756699.000000,1153561.000000,-16132.000000
1772597779.478000,756753.000000,1153697.000000,-15897.000000
1772597779.518000,756897.000000,1154026.000000,-15630.000000
1772597779.558000,757052.000000,1154122.000000,-15356.000000
1772597779.598000,756932.000000,1154095.000000,-15006.000000
1772597779.638000,756996.000000,1154274.000000,-14541.000000
1772597779.678000,757035.000000,1154490.000000,-14093.000000
1772597779.718000,757035.000000,1154465.000000,-13625.000000
1772597779.758000,757073.000000,1154609.000000,-13140.000000
1772597779.798000,757268.000000,1154937.000000,-12578.000000
1772597779.838000,757569.000000,1155474.000000,-11948.000000
1772597779.878000,757733.000000,1155699.000000,-11254.000000
1772597779.918000,757682.000000,1155346.000000,-11272.000000
1772597779.958000,757492.000000,1154918.000000,-12290.000000
1772597779.998000,757588.000000,1154903.000000,-13547.000000
1772597780.038000,757872.000000,1155236.000000,-14665.000000
1772597780.078000,758073.000000,1155552.000000,-15521.000000
1772597780.118000,758190.000000,1155678.000000,-16130.000000
1772597780.158000,758393.000000,1155993.000000,-16515.000000
1772597780.198000,758736.000000,1156450.000000,-16669.000000
1772597780.238000,758904.000000,1156529.000000,-16921.000000
1772597780.278000,758718.000000,1156369.000000,-17267.000000
1772597780.318000,758728.000000,1156388.000000,-17364.000000
1772597780.358000,758879.000000,1156625.000000,-17507.000000
1772597780.398000,759342.000000,1157391.000000,-17372.000000
1772597780.438000,759442.000000,1157574.000000,-17178.000000
1772597780.478000,759652.000000,1157794.000000,-16809.000000
1772597780.518000,759559.000000,1157972.000000,-16373.000000
1772597780.558000,759624.000000,1157965.000000,-15955.000000
1772597780.598000,759633.000000,1157980.000000,-15503.000000
1772597780.638000,759460.000000,1157948.000000,-15019.000000
1772597780.678000,759482.000000,1158003.000000,-14516.000000
1772597780.718000,759797.000000,1158432.000000,-13972.000000
1772597780.758000,760134.000000,1158883.000000,-13281.000000
1772597780.798000,760241.000000,1159216.000000,-12592.000000
1772597780.838000,760311.000000,1159310.000000,-11948.000000
1772597780.878000,760084.000000,1158637.000000,-12196.000000
1772597780.918000,759648.000000,1157901.000000,-13310.000000
1772597780.958000,759440.000000,1157481.000000,-14385.000000
1772597780.998000,759370.000000,1157364.000000,-15251.000000
1772597781.038000,759220.000000,1157214.000000,-16028.000000
1772597781.078000,759153.000000,1157185.000000,-16570.000000
1772597781.118000,759318.000000,1157438.000000,-16763.000000
1772597781.158000,759462.000000,1157612.000000,-16895.000000
1772597781.198000,759274.000000,1157259.000000,-17064.000000
1772597781.238000,758742.000000,1156564.000000,-17417.000000
1772597781.278000,758830.000000,1156715.000000,-17604.000000
1772597781.318000,759242.000000,1157281.000000,-17602.000000
1772597781.358000,759757.000000,1157962.000000,-17314.000000
1772597781.398000,760122.000000,1158466.000000,-16921.000000
1772597781.438000,760478.000000,1158883.000000,-16481.000000
1772597781.478000,760701.000000,1159203.000000,-16107.000000
1772597781.518000,760788.000000,1159393.000000,-15585.000000
1772597781.558000,760695.000000,1159310.000000,-15060.000000
1772597781.598000,760544.000000,1159225.000000,-14489.000000
1772597781.638000,760631.000000,1159441.000000,-13910.000000
1772597781.678000,760925.000000,1159778.000000,-13254.000000
1772597781.718000,761179.000000,1160055.000000,-12638.000000
1772597781.758000,761137.000000,1159706.000000,-12912.000000
1772597781.798000,760908.000000,1159146.000000,-13890.000000
1772597781.838000,760871.000000,1158915.000000,-14948.000000
1772597781.878000,760873.000000,1158966.000000,-15798.000000
1772597781.918000,760855.000000,1158975.000000,-16332.000000
1772597781.958000,761064.000000,1159163.000000,-16728.000000
1772597781.998000,761289.000000,1159571.000000,-16803.000000
1772597782.038000,761250.000000,1159493.000000,-16845.000000
1772597782.078000,760883.000000,1159228.000000,-16982.000000
1772597782.118000,760401.000000,1158446.000000,-17210.000000
1772597782.158000,760503.000000,1158500.000000,-17189.000000
1772597782.198000,760774.000000,1158815.000000,-17061.000000
1772597782.238000,761157.000000,1159479.000000,-16757.000000
1772597782.278000,760979.000000,1159409.000000,-16398.000000
1772597782.318000,760650.000000,1158939.000000,-15865.000000
1772597782.358000,760779.000000,1158995.000000,-15454.000000
1772597782.398000,761176.000000,1159550.000000,-14918.000000
1772597782.438000,761608.000000,1160197.000000,-14402.000000
1772597782.478000,761601.000000,1160239.000000,-13726.000000
1772597782.518000,761693.000000,1160415.000000,-13060.000000
1772597782.585000,761679.000000,1160553.000000,-12421.000000
1772597782.625000,761669.000000,1160548.000000,-11646.000000
1772597782.665000,761807.000000,1160771.000000,-10925.000000
1772597782.705000,761612.000000,1160201.000000,-11116.000000
1772597782.745000,761269.000000,1159425.000000,-12149.000000
1772597782.785000,760987.000000,1158924.000000,-13134.000000
1772597782.825000,760624.000000,1158391.000000,-13991.000000
1772597782.865000,760623.000000,1158395.000000,-14592.000000
1772597782.905000,760538.000000,1158329.000000,-15067.000000
1772597782.945000,760418.000000,1158334.000000,-15356.000000
1772597782.985000,760148.000000,1157994.000000,-15393.000000
1772597783.025000,760015.000000,1157933.000000,-15592.000000
1772597783.065000,759936.000000,1157770.000000,-15758.000000
1772597783.105000,759848.000000,1157600.000000,-15821.000000
1772597783.145000,759768.000000,1157561.000000,-15708.000000
1772597783.185000,759573.000000,1157474.000000,-15424.000000
1772597783.225000,759480.000000,1157470.000000,-15057.000000
1772597783.265000,759620.000000,1157620.000000,-14697.000000
1772597783.305000,759574.000000,1157636.000000,-14232.000000
1772597783.345000,759664.000000,1157692.000000,-13704.000000
1772597783.385000,759870.000000,1157976.000000,-13163.000000
1772597783.425000,759959.000000,1158128.000000,-12541.000000
1772597783.465000,759899.000000,1158231.000000,-11956.000000
1772597783.505000,759864.000000,1158157.000000,-11276.000000
1772597783.545000,759821.000000,1158087.000000,-10504.000000
1772597783.585000,759839.000000,1158199.000000,-9890.000000
1772597783.625000,759675.000000,1157783.000000,-9655.000000
1772597783.665000,759707.000000,1157499.000000,-10346.000000
1772597783.705000,759360.000000,1156971.000000,-11242.000000
1772597783.745000,759422.000000,1156797.000000,-12185.000000
1772597783.785000,760129.000000,1157592.000000,-12687.000000
1772597783.825000,760307.000000,1157822.000000,-13067.000000
1772597783.865000,760560.000000,1158252.000000,-13330.000000
1772597783.905000,760671.000000,1158419.000000,-13282.000000
1772597783.945000,760515.000000,1158193.000000,-13259.000000
1772597783.985000,760058.000000,1157544.000000,-13372.000000
1772597784.025000,760253.000000,1157838.000000,-13469.000000
1772597784.065000,760697.000000,1158497.000000,-13347.000000
1772597784.105000,760934.000000,1158655.000000,-13067.000000
1772597784.145000,760948.000000,1158719.000000,-12706.000000
1772597784.185000,761140.000000,1159072.000000,-12252.000000
1772597784.225000,761470.000000,1159483.000000,-11703.000000
1772597784.265000,762103.000000,1160274.000000,-10509.000000
1772597784.305000,762232.000000,1160526.000000,-9963.000000
1772597784.345000,762568.000000,1160849.000000,-9298.000000
1772597784.385000,762857.000000,1161356.000000,-8510.000000
1772597784.425000,763168.000000,1161724.000000,-7774.000000
1772597784.465000,763183.000000,1161582.000000,-7457.000000
1772597784.505000,762979.000000,1161009.000000,-8065.000000
1772597784.545000,762893.000000,1160815.000000,-8966.000000
1772597784.585000,763021.000000,1160909.000000,-9610.000000
1772597784.625000,763346.000000,1161144.000000,-10083.000000
1772597784.665000,763609.000000,1161492.000000,-10439.000000
1772597784.705000,763865.000000,1161846.000000,-10484.000000
1772597784.745000,764035.000000,1162150.000000,-10375.000000
1772597784.785000,764094.000000,1162111.000000,-10360.000000
1772597784.825000,764181.000000,1162140.000000,-10469.000000
1772597784.865000,764280.000000,1162249.000000,-10335.000000
1772597784.905000,764483.000000,1162542.000000,-10201.000000
1772597784.945000,764533.000000,1162737.000000,-9919.000000
1772597784.985000,764686.000000,1162935.000000,-9595.000000
1772597785.025000,764798.000000,1163193.000000,-9106.000000
1772597785.065000,764993.000000,1163382.000000,-8575.000000
1772597785.105000,765071.000000,1163526.000000,-7978.000000
1772597785.145000,765124.000000,1163593.000000,-7293.000000
1772597785.185000,765215.000000,1163749.000000,-6728.000000
1772597785.225000,765377.000000,1164017.000000,-6104.000000
1772597785.265000,765573.000000,1164257.000000,-5411.000000
1772597785.305000,765606.000000,1164493.000000,-4710.000000
1772597785.345000,765690.000000,1164590.000000,-4026.000000
1772597785.385000,765491.000000,1163871.000000,-4284.000000
1772597785.425000,765341.000000,1163409.000000,-5206.000000
1772597785.465000,765418.000000,1163420.000000,-6160.000000
1772597785.505000,765533.000000,1163577.000000,-6834.000000
1772597785.545000,765794.000000,1163827.000000,-7363.000000
1772597785.585000,765918.000000,1163882.000000,-7793.000000
1772597785.625000,765981.000000,1164063.000000,-7963.000000
1772597785.665000,766044.000000,1164104.000000,-8011.000000
1772597785.705000,766215.000000,1164249.000000,-8066.000000
1772597785.745000,766187.000000,1164302.000000,-8176.000000
1772597785.785000,766272.000000,1164330.000000,-8218.000000
1772597785.825000,766366.000000,1164596.000000,-8056.000000
1772597785.865000,766409.000000,1164767.000000,-7780.000000
1772597785.905000,766512.000000,1164778.000000,-7423.000000
1772597785.945000,766616.000000,1164937.000000,-7102.000000
1772597785.985000,766682.000000,1165134.000000,-6629.000000
1772597786.025000,766696.000000,1165155.000000,-6094.000000
1772597786.065000,766756.000000,1165357.000000,-5584.000000
1772597786.105000,766834.000000,1165467.000000,-5009.000000
1772597786.145000,767118.000000,1165797.000000,-4425.000000
1772597786.185000,767182.000000,1165950.000000,-3823.000000
1772597786.225000,767165.000000,1165980.000000,-3085.000000
1772597786.265000,767175.000000,1166121.000000,-2481.000000
1772597786.305000,767155.000000,1166140.000000,-1823.000000
1772597786.345000,767003.000000,1165550.000000,-1962.000000
1772597786.385000,766794.000000,1165007.000000,-2823.000000
1772597786.425000,766577.000000,1164656.000000,-3907.000000
1772597786.465000,766472.000000,1164487.000000,-4772.000000
1772597786.505000,766423.000000,1164429.000000,-5349.000000
1772597786.545000,766379.000000,1164316.000000,-5864.000000
1772597786.585000,766343.000000,1164298.000000,-6212.000000
1772597786.625000,766256.000000,1164179.000000,-6371.000000
1772597786.665000,766112.000000,1164005.000000,-6594.000000
1772597786.705000,765896.000000,1163788.000000,-6861.000000
1772597786.745000,765784.000000,1163632.000000,-7019.000000
1772597786.785000,765769.000000,1163573.000000,-7094.000000
1772597786.825000,765827.000000,1163719.000000,-7015.000000
1772597786.865000,765750.000000,1163675.000000,-6731.000000
1772597786.905000,765686.000000,1163724.000000,-6520.000000
1772597786.945000,765701.000000,1163785.000000,-6185.000000
1772597786.985000,765513.000000,1163561.000000,-5848.000000
1772597787.025000,765464.000000,1163455.000000,-5395.000000
1772597787.065000,765416.000000,1163492.000000,-5055.000000
1772597787.105000,765336.000000,1163515.000000,-4541.000000
1772597787.145000,765376.000000,1163592.000000,-4031.000000
1772597787.185000,765411.000000,1163645.000000,-3437.000000
1772597787.225000,765537.000000,1163854.000000,-2827.000000
1772597787.265000,765559.000000,1163982.000000,-2195.000000
1772597787.305000,765573.000000,1163832.000000,-1513.000000
1772597787.345000,765348.000000,1163318.000000,-1700.000000
1772597787.385000,765117.000000,1162901.000000,-2601.000000
1772597787.425000,765140.000000,1162802.000000,-3708.000000
1772597787.465000,765278.000000,1162835.000000,-4479.000000
1772597787.505000,765353.000000,1162936.000000,-5106.000000
1772597787.545000,765545.000000,1163090.000000,-5616.000000
1772597787.585000,765711.000000,1163309.000000,-5772.000000
1772597787.625000,765885.000000,1163590.000000,-5869.000000
1772597787.665000,766215.000000,1163889.000000,-6050.000000
1772597787.705000,766371.000000,1164044.000000,-6286.000000
1772597787.745000,766627.000000,1164385.000000,-6430.000000
1772597787.785000,766962.000000,1164909.000000,-6445.000000
1772597787.825000,767183.000000,1165150.000000,-6258.000000
1772597787.865000,767145.000000,1165120.000000,-6065.000000
1772597787.905000,767338.000000,1165414.000000,-5722.000000
1772597787.945000,767666.000000,1165841.000000,-5328.000000
1772597787.985000,768026.000000,1166224.000000,-4995.000000
1772597788.025000,768229.000000,1166607.000000,-4469.000000
1772597788.065000,768470.000000,1166944.000000,-3971.000000
1772597788.105000,768764.000000,1167240.000000,-3467.000000
1772597788.145000,769035.000000,1167630.000000,-2925.000000
1772597788.185000,769107.000000,1167888.000000,-2244.000000
1772597788.225000,769252.000000,1167935.000000,-1616.000000
1772597788.265000,769331.000000,1168005.000000,-1214.000000
1772597788.305000,769333.000000,1167592.000000,-1651.000000
1772597788.345000,769260.000000,1167331.000000,-2787.000000
1772597788.385000,769402.000000,1167279.000000,-3884.000000
1772597788.425000,769603.000000,1167583.000000,-4672.000000
1772597788.465000,769776.000000,1167652.000000,-5221.000000
1772597788.505000,769874.000000,1167831.000000,-5725.000000
1772597788.545000,770045.000000,1168079.000000,-5917.000000
1772597788.585000,770147.000000,1168215.000000,-6097.000000
1772597788.625000,770125.000000,1168190.000000,-6321.000000
1772597788.665000,770170.000000,1168066.000000,-6612.000000
1772597788.705000,770336.000000,1168309.000000,-6732.000000
1772597788.745000,770563.000000,1168618.000000,-6699.000000
1772597788.785000,770621.000000,1168646.000000,-6572.000000
1772597788.825000,770650.000000,1168878.000000,-6343.000000
1772597788.865000,770921.000000,1169095.000000,-6043.000000
1772597788.905000,771083.000000,1169399.000000,-5716.000000
1772597788.945000,771047.000000,1169406.000000,-5394.000000
1772597788.985000,770985.000000,1169329.000000,-4970.000000
1772597789.025000,770883.000000,1169387.000000,-4550.000000
1772597789.065000,771007.000000,1169547.000000,-4059.000000
1772597789.105000,771224.000000,1169811.000000,-3517.000000
1772597789.145000,771385.000000,1170094.000000,-2950.000000
1772597789.185000,771567.000000,1170273.000000,-2392.000000
1772597789.225000,771686.000000,1170520.000000,-1768.000000
1772597789.265000,771881.000000,1170693.000000,-1126.000000
1772597789.305000,771806.000000,1170527.000000,-952.000000
1772597789.345000,771626.000000,1169915.000000,-1834.000000
1772597789.385000,771357.000000,1169409.000000,-3222.000000
1772597789.425000,771318.000000,1169239.000000,-4420.000000
1772597789.465000,771580.000000,1169366.000000,-5358.000000
1772597789.505000,771579.000000,1169369.000000,-6126.000000
1772597789.545000,771696.000000,1169535.000000,-6673.000000
1772597789.585000,772039.000000,1169958.000000,-7402.000000
1772597789.625000,772051.000000,1169956.000000,-7817.000000
1772597789.665000,772002.000000,1169831.000000,-8157.000000
1772597789.705000,772141.000000,1169962.000000,-8472.000000
1772597789.745000,772304.000000,1170265.000000,-8489.000000
1772597789.785000,772304.000000,1170308.000000,-8470.000000
1772597789.825000,772350.000000,1170334.000000,-8338.000000
1772597789.865000,772337.000000,1170350.000000,-8043.000000
1772597789.905000,772290.000000,1170342.000000,-7824.000000
1772597789.945000,772268.000000,1170315.000000,-7613.000000
1772597789.985000,772162.000000,1170330.000000,-7309.000000
1772597790.025000,772260.000000,1170413.000000,-6962.000000
1772597790.065000,772233.000000,1170454.000000,-6461.000000
1772597790.105000,772200.000000,1170494.000000,-6046.000000
1772597790.145000,772259.000000,1170548.000000,-5582.000000
1772597790.185000,772411.000000,1170731.000000,-4974.000000
1772597790.225000,772461.000000,1170942.000000,-4481.000000
1772597790.265000,772509.000000,1170998.000000,-3869.000000
1772597790.305000,772360.000000,1170627.000000,-3620.000000
1772597790.345000,772074.000000,1169899.000000,-4502.000000
1772597790.385000,771853.000000,1169314.000000,-5920.000000
1772597790.425000,771837.000000,1169163.000000,-7235.000000
1772597790.465000,771761.000000,1169121.000000,-8329.000000
1772597790.505000,771743.000000,1169008.000000,-9139.000000
1772597790.545000,771705.000000,1169002.000000,-9874.000000
1772597790.617000,771684.000000,1168979.000000,-10325.000000
1772597790.657000,771632.000000,1168839.000000,-10713.000000
1772597790.697000,771498.000000,1168672.000000,-11281.000000
1772597790.737000,771587.000000,1168714.000000,-11730.000000
1772597790.777000,771676.000000,1168813.000000,-12192.000000
1772597790.817000,771918.000000,1169109.000000,-12272.000000
1772597790.857000,771906.000000,1169108.000000,-12317.000000
1772597790.897000,771734.000000,1168987.000000,-12193.000000
1772597790.937000,771895.000000,1169165.000000,-12116.000000
1772597790.977000,772058.000000,1169446.000000,-11838.000000
1772597791.017000,772165.000000,1169658.000000,-11511.000000
1772597791.057000,772303.000000,1169790.000000,-11182.000000
1772597791.097000,772526.000000,1170094.000000,-10757.000000
1772597791.137000,772850.000000,1170537.000000,-10441.000000
1772597791.177000,773097.000000,1170897.000000,-9985.000000
1772597791.217000,773501.000000,1171338.000000,-9394.000000
1772597791.257000,773878.000000,1171890.000000,-8761.000000
1772597791.297000,774093.000000,1172215.000000,-8112.000000
1772597791.337000,774024.000000,1171801.000000,-8446.000000
1772597791.377000,774096.000000,1171540.000000,-9704.000000
1772597791.417000,774129.000000,1171439.000000,-11043.000000
1772597791.457000,774347.000000,1171586.000000,-12192.000000
1772597791.497000,774518.000000,1171800.000000,-13075.000000
1772597791.537000,774719.000000,1172048.000000,-13710.000000
1772597791.577000,774940.000000,1172343.000000,-14056.000000
1772597791.617000,775076.000000,1172539.000000,-14358.000000
1772597791.657000,775236.000000,1172541.000000,-14741.000000
1772597791.697000,775169.000000,1172384.000000,-15228.000000
1772597791.737000,775160.000000,1172545.000000,-15576.000000
1772597791.777000,775390.000000,1172774.000000,-15687.000000
1772597791.817000,775466.000000,1172965.000000,-15700.000000
1772597791.857000,775583.000000,1173055.000000,-15641.000000
1772597791.897000,775658.000000,1173284.000000,-15448.000000
1772597791.937000,775877.000000,1173559.000000,-15122.000000
1772597791.977000,776102.000000,1173722.000000,-14816.000000
1772597792.017000,776116.000000,1173912.000000,-14407.000000
1772597792.057000,776265.000000,1174047.000000,-13997.000000
1772597792.097000,776474.000000,1174322.000000,-13492.000000
1772597792.137000,776463.000000,1174391.000000,-13110.000000
1772597792.177000,776431.000000,1174423.000000,-12475.000000
1772597792.217000,776552.000000,1174647.000000,-11976.000000
1772597792.257000,776698.000000,1174859.000000,-11330.000000
1772597792.297000,776668.000000,1174764.000000,-10984.000000
1772597792.337000,776436.000000,1173931.000000,-12002.000000
1772597792.377000,776232.000000,1173346.000000,-13651.000000
1772597792.417000,776127.000000,1173217.000000,-15217.000000
1772597792.457000,776389.000000,1173322.000000,-16500.000000
1772597792.497000,776397.000000,1173374.000000,-17506.000000
1772597792.537000,776530.000000,1173466.000000,-18341.000000
1772597792.577000,776643.000000,1173576.000000,-18897.000000
1772597792.617000,776780.000000,1173661.000000,-19364.000000
1772597792.657000,776797.000000,1173652.000000,-20005.000000
1772597792.697000,776718.000000,1173554.000000,-20590.000000
1772597792.737000,776662.000000,1173511.000000,-21101.000000
1772597792.777000,776418.000000,1173305.000000,-21339.000000
1772597792.817000,776252.000000,1173061.000000,-21395.000000
1772597792.857000,776238.000000,1173091.000000,-21374.000000
1772597792.897000,776523.000000,1173535.000000,-21268.000000
1772597792.937000,776628.000000,1173584.000000,-21028.000000
1772597792.977000,776605.000000,1173517.000000,-20782.000000
1772597793.017000,776571.000000,1173597.000000,-20558.000000
1772597793.057000,776779.000000,1173768.000000,-20113.000000
1772597793.097000,776915.000000,1173921.000000,-19685.000000
1772597793.137000,776933.000000,1174056.000000,-19251.000000
1772597793.177000,776974.000000,1174224.000000,-18686.000000
1772597793.217000,777150.000000,1174380.000000,-18168.000000
1772597793.257000,777356.000000,1174745.000000,-17596.000000
1772597793.297000,777383.000000,1174776.000000,-16928.000000
1772597793.337000,777111.000000,1174157.000000,-16970.000000
1772597793.377000,776752.000000,1173326.000000,-18333.000000
1772597793.417000,776491.000000,1172646.000000,-20152.000000
1772597793.457000,776318.000000,1172279.000000,-21911.000000
1772597793.497000,776200.000000,1172137.000000,-23210.000000
1772597793.537000,775959.000000,1171911.000000,-24305.000000
1772597793.577000,776001.000000,1171762.000000,-25344.000000
1772597793.617000,776018.000000,1171717.000000,-25840.000000
1772597793.657000,775909.000000,1171553.000000,-26500.000000
1772597793.697000,775594.000000,1171049.000000,-27200.000000
1772597793.737000,775271.000000,1170627.000000,-27874.000000
1772597793.777000,775186.000000,1170592.000000,-28347.000000
1772597793.817000,775153.000000,1170525.000000,-28634.000000
1772597793.857000,775054.000000,1170478.000000,-28656.000000
1772597793.897000,774974.000000,1170386.000000,-28603.000000
1772597793.937000,774873.000000,1170327.000000,-28398.000000
1772597793.977000,774821.000000,1170244.000000,-28208.000000
1772597794.017000,774779.000000,1170223.000000,-27904.000000
1772597794.057000,774803.000000,1170181.000000,-27594.000000
1772597794.097000,774803.000000,1170216.000000,-27224.000000
1772597794.137000,774792.000000,1170214.000000,-26709.000000
1772597794.177000,774742.000000,1170336.000000,-26211.000000
1772597794.217000,774943.000000,1170455.000000,-25646.000000
1772597794.257000,775177.000000,1170749.000000,-25016.000000
1772597794.297000,775231.000000,1170929.000000,-24287.000000
1772597794.337000,775049.000000,1170433.000000,-24166.000000
1772597794.377000,774722.000000,1169730.000000,-25340.000000
1772597794.417000,774703.000000,1169410.000000,-27129.000000
1772597794.457000,774856.000000,1169420.000000,-28578.000000
1772597794.497000,774946.000000,1169607.000000,-29830.000000
1772597794.537000,775137.000000,1169709.000000,-30728.000000
1772597794.577000,775368.000000,1170047.000000,-31259.000000
1772597794.617000,775513.000000,1170114.000000,-31633.000000
1772597794.657000,775566.000000,1170289.000000,-31975.000000
1772597794.697000,775572.000000,1170145.000000,-32522.000000
1772597794.737000,775537.000000,1170056.000000,-33057.000000
1772597794.777000,775635.000000,1170251.000000,-33298.000000
1772597794.817000,775745.000000,1170411.000000,-33335.000000
1772597794.857000,775843.000000,1170533.000000,-33139.000000
1772597794.897000,775934.000000,1170718.000000,-32904.000000
1772597794.937000,776074.000000,1170923.000000,-32624.000000
1772597794.977000,776141.000000,1171060.000000,-32204.000000
1772597795.017000,776087.000000,1171077.000000,-31846.000000
1772597795.057000,776050.000000,1171063.000000,-31292.000000
1772597795.097000,776116.000000,1171132.000000,-30835.000000
1772597795.137000,776237.000000,1171366.000000,-30210.000000
1772597795.177000,776328.000000,1171533.000000,-29543.000000
1772597795.217000,776377.000000,1171565.000000,-28802.000000
1772597795.257000,776273.000000,1171296.000000,-28720.000000
1772597795.297000,776156.000000,1170710.000000,-29899.000000
1772597795.337000,775845.000000,1170102.000000,-31742.000000
1772597795.377000,775730.000000,1169924.000000,-33228.000000
1772597795.417000,775773.000000,1169937.000000,-34435.000000
1772597795.457000,775749.000000,1169790.000000,-35392.000000
1772597795.497000,775766.000000,1169876.000000,-36056.000000
1772597795.537000,775802.000000,1169828.000000,-36389.000000
1772597795.577000,775808.000000,1169870.000000,-36812.000000
1772597795.617000,775740.000000,1169673.000000,-37756.000000
1772597795.657000,775763.000000,1169662.000000,-37865.000000
1772597795.697000,775806.000000,1169753.000000,-37859.000000
1772597795.737000,775724.000000,1169757.000000,-37656.000000
1772597795.777000,775735.000000,1169872.000000,-37392.000000
1772597795.817000,775828.000000,1169959.000000,-36946.000000
1772597795.857000,775893.000000,1170089.000000,-36505.000000
1772597795.897000,775904.000000,1170217.000000,-36039.000000
1772597795.937000,776049.000000,1170337.000000,-35478.000000
1772597795.977000,775965.000000,1170302.000000,-34914.000000
1772597796.017000,775857.000000,1170293.000000,-34234.000000
1772597796.057000,775924.000000,1170436.000000,-33601.000000
1772597796.097000,776041.000000,1170596.000000,-32914.000000
1772597796.137000,776232.000000,1170895.000000,-32006.000000
1772597796.177000,776297.000000,1171084.000000,-31200.000000
1772597796.217000,776097.000000,1170571.000000,-30935.000000
1772597796.257000,775858.000000,1169918.000000,-32249.000000
1772597796.297000,775649.000000,1169261.000000,-34026.000000
1772597796.337000,775621.000000,1169164.000000,-35694.000000
1772597796.377000,775613.000000,1169074.000000,-36934.000000
1772597796.417000,775515.000000,1168810.000000,-38060.000000
1772597796.457000,775354.000000,1168729.000000,-38813.000000
1772597796.497000,775456.000000,1168809.000000,-39244.000000
1772597796.537000,775506.000000,1168901.000000,-39743.000000
1772597796.577000,775437.000000,1168766.000000,-40263.000000
1772597796.617000,775368.000000,1168665.000000,-40696.000000
1772597796.657000,775309.000000,1168568.000000,-40883.000000
1772597796.697000,775218.000000,1168547.000000,-40949.000000
1772597796.737000,775142.000000,1168509.000000,-40791.000000
1772597796.777000,775235.000000,1168566.000000,-40443.000000
1772597796.817000,775315.000000,1168770.000000,-40088.000000
1772597796.857000,775243.000000,1168681.000000,-39642.000000
1772597796.897000,775204.000000,1168729.000000,-39111.000000
1772597796.937000,775111.000000,1168743.000000,-38594.000000
1772597796.977000,775163.000000,1168789.000000,-37946.000000
1772597797.017000,775139.000000,1168817.000000,-37293.000000
1772597797.057000,775070.000000,1168766.000000,-36570.000000
1772597797.097000,775087.000000,1168845.000000,-35780.000000
1772597797.137000,775071.000000,1168906.000000,-35004.000000
1772597797.177000,775051.000000,1168990.000000,-34190.000000
1772597797.217000,774956.000000,1168935.000000,-33323.000000
1772597797.257000,774506.000000,1168245.000000,-33288.000000
1772597797.297000,774228.000000,1167340.000000,-34693.000000
1772597797.337000,773924.000000,1166688.000000,-36398.000000
1772597797.377000,773730.000000,1166433.000000,-37844.000000
1772597797.417000,773609.000000,1166207.000000,-38864.000000
1772597797.457000,773445.000000,1165971.000000,-39747.000000
1772597797.497000,773306.000000,1165808.000000,-40415.000000
1772597797.537000,773150.000000,1165719.000000,-40786.000000
1772597797.577000,773000.000000,1165433.000000,-41161.000000
1772597797.617000,772707.000000,1165046.000000,-41579.000000
1772597797.657000,772498.000000,1164840.000000,-41910.000000
1772597797.697000,772553.000000,1164823.000000,-42134.000000
1772597797.737000,772527.000000,1164805.000000,-41989.000000
1772597797.777000,772344.000000,1164696.000000,-41772.000000
1772597797.817000,772162.000000,1164616.000000,-41420.000000
1772597797.857000,772150.000000,1164610.000000,-40985.000000
1772597797.897000,772156.000000,1164647.000000,-40415.000000
1772597797.937000,772082.000000,1164580.000000,-39981.000000
1772597797.977000,772043.000000,1164595.000000,-39281.000000
1772597798.017000,772067.000000,1164670.000000,-38596.000000
1772597798.057000,772009.000000,1164794.000000,-37931.000000
1772597798.097000,772021.000000,1164891.000000,-37130.000000
1772597798.137000,772175.000000,1165118.000000,-36322.000000
1772597798.177000,772338.000000,1165274.000000,-35391.000000
1772597798.217000,772292.000000,1165248.000000,-34735.000000
1772597798.257000,772135.000000,1164688.000000,-35307.000000
1772597798.297000,772036.000000,1164293.000000,-36579.000000
1772597798.337000,772000.000000,1164214.000000,-37957.000000
1772597798.377000,772218.000000,1164275.000000,-38901.000000
1772597798.417000,772334.000000,1164467.000000,-39565.000000
1772597798.457000,772561.000000,1164737.000000,-40033.000000
1772597798.497000,772809.000000,1165032.000000,-40066.000000
1772597798.537000,772942.000000,1165270.000000,-40181.000000
1772597798.577000,773005.000000,1165226.000000,-40397.000000
1772597798.649000,773048.000000,1165382.000000,-40631.000000
1772597798.689000,773196.000000,1165517.000000,-40735.000000
1772597798.729000,773401.000000,1165861.000000,-40538.000000
1772597798.769000,773564.000000,1166043.000000,-40198.000000
1772597798.809000,773735.000000,1166362.000000,-39685.000000
1772597798.849000,774038.000000,1166692.000000,-39086.000000
1772597798.889000,774272.000000,1166998.000000,-38424.000000
1772597798.929000,774434.000000,1167364.000000,-37832.000000
1772597798.969000,774429.000000,1167389.000000,-37070.000000
1772597799.009000,774427.000000,1167438.000000,-36419.000000
1772597799.049000,774408.000000,1167450.000000,-35598.000000
1772597799.089000,774495.000000,1167720.000000,-34769.000000
1772597799.129000,774607.000000,1167899.000000,-33900.000000
1772597799.169000,774484.000000,1167825.000000,-33093.000000
1772597799.209000,774157.000000,1167160.000000,-33364.000000
1772597799.249000,773932.000000,1166487.000000,-34715.000000
1772597799.289000,773755.000000,1166159.000000,-36143.000000
1772597799.329000,773824.000000,1166134.000000,-37231.000000
1772597799.369000,773823.000000,1166212.000000,-38066.000000
1772597799.409000,773785.000000,1166127.000000,-38715.000000
1772597799.449000,773766.000000,1166128.000000,-38986.000000
1772597799.489000,773708.000000,1166128.000000,-39197.000000
1772597799.529000,773681.000000,1165975.000000,-39491.000000
1772597799.569000,773529.000000,1165764.000000,-39731.000000
1772597799.609000,773393.000000,1165649.000000,-39832.000000
1772597799.649000,773434.000000,1165779.000000,-39836.000000
1772597799.689000,773404.000000,1165835.000000,-39421.000000
1772597799.729000,773518.000000,1165989.000000,-39092.000000
1772597799.769000,773636.000000,1166106.000000,-38548.000000
1772597799.809000,773667.000000,1166308.000000,-38037.000000
1772597799.849000,773599.000000,1166274.000000,-37397.000000
1772597799.889000,773494.000000,1166218.000000,-36803.000000
1772597799.929000,773500.000000,1166288.000000,-36082.000000
1772597799.969000,773395.000000,1166246.000000,-35386.000000
1772597800.009000,773379.000000,1166321.000000,-34632.000000
1772597800.049000,773503.000000,1166443.000000,-33810.000000
1772597800.089000,773668.000000,1166866.000000,-32918.000000
1772597800.129000,773596.000000,1166889.000000,-31966.000000
1772597800.169000,773431.000000,1166599.000000,-31255.000000
1772597800.209000,773191.000000,1165956.000000,-31766.000000
1772597800.249000,773105.000000,1165546.000000,-33160.000000
1772597800.289000,773059.000000,1165359.000000,-34653.000000
1772597800.329000,773098.000000,1165304.000000,-35688.000000
1772597800.369000,772999.000000,1165201.000000,-36457.000000
1772597800.409000,772896.000000,1165077.000000,-37133.000000
1772597800.449000,772874.000000,1165077.000000,-37472.000000
1772597800.489000,772766.000000,1164924.000000,-37709.000000
1772597800.529000,772565.000000,1164717.000000,-38068.000000
1772597800.569000,772379.000000,1164485.000000,-38276.000000
1772597800.609000,772185.000000,1164272.000000,-38358.000000
1772597800.649000,772246.000000,1164332.000000,-38410.000000
1772597800.689000,772185.000000,1164382.000000,-38024.000000
1772597800.729000,772049.000000,1164298.000000,-37703.000000
1772597800.769000,771974.000000,1164164.000000,-37292.000000
1772597800.809000,771919.000000,1164241.000000,-36753.000000
1772597800.849000,771809.000000,1164209.000000,-36203.000000
1772597800.889000,771633.000000,1164171.000000,-35609.000000
1772597800.929000,771586.000000,1164025.000000,-34916.000000
1772597800.969000,771410.000000,1164043.000000,-34193.000000
1772597801.009000,771416.000000,1163982.000000,-33436.000000
1772597801.049000,771263.000000,1163927.000000,-32600.000000
1772597801.089000,771145.000000,1163777.000000,-31891.000000
1772597801.129000,770988.000000,1163772.000000,-30946.000000
1772597801.169000,770989.000000,1163886.000000,-30005.000000
1772597801.209000,770845.000000,1163564.000000,-29468.000000
1772597801.249000,770521.000000,1162820.000000,-30054.000000
1772597801.289000,770090.000000,1162056.000000,-31425.000000
1772597801.329000,770051.000000,1161884.000000,-32617.000000
1772597801.369000,770093.000000,1161823.000000,-33480.000000
1772597801.409000,770008.000000,1161680.000000,-34226.000000
1772597801.449000,770022.000000,1161726.000000,-34602.000000
1772597801.489000,770014.000000,1161850.000000,-34766.000000
1772597801.529000,769938.000000,1161729.000000,-34914.000000
1772597801.569000,769833.000000,1161555.000000,-35141.000000
1772597801.609000,769827.000000,1161557.000000,-35397.000000
1772597801.649000,769942.000000,1161769.000000,-35484.000000
1772597801.689000,770169.000000,1162081.000000,-35350.000000
1772597801.729000,770352.000000,1162287.000000,-35063.000000
1772597801.769000,770510.000000,1162623.000000,-34588.000000
1772597801.809000,770769.000000,1162927.000000,-34159.000000
1772597801.849000,770930.000000,1163079.000000,-33578.000000
1772597801.889000,771170.000000,1163631.000000,-32308.000000
1772597801.929000,771358.000000,1163903.000000,-31629.000000
1772597801.969000,771431.000000,1164206.000000,-30969.000000
1772597802.009000,771548.000000,1164350.000000,-30186.000000
1772597802.049000,771828.000000,1164637.000000,-29364.000000
1772597802.089000,771707.000000,1164676.000000,-28516.000000
1772597802.129000,771671.000000,1164290.000000,-28660.000000
1772597802.169000,771487.000000,1163931.000000,-29743.000000
1772597802.209000,771459.000000,1163757.000000,-30952.000000
1772597802.249000,771518.000000,1163752.000000,-31727.000000
1772597802.289000,771487.000000,1163788.000000,-32508.000000
1772597802.329000,771496.000000,1163780.000000,-32977.000000
1772597802.369000,771520.000000,1163899.000000,-33038.000000
1772597802.409000,771559.000000,1163924.000000,-33120.000000
1772597802.449000,771374.000000,1163693.000000,-33239.000000
1772597802.489000,771111.000000,1163377.000000,-33517.000000
1772597802.529000,771075.000000,1163308.000000,-33545.000000
1772597802.569000,771175.000000,1163487.000000,-33440.000000
1772597802.609000,771163.000000,1163616.000000,-33161.000000
1772597802.649000,771099.000000,1163574.000000,-32755.000000
1772597802.689000,771158.000000,1163709.000000,-32290.000000
1772597802.729000,771259.000000,1163903.000000,-31737.000000
1772597802.769000,771155.000000,1163821.000000,-31213.000000
1772597802.809000,771100.000000,1163872.000000,-30669.000000
1772597802.849000,771073.000000,1164001.000000,-29911.000000
1772597802.889000,771068.000000,1164019.000000,-29286.000000
1772597802.929000,771096.000000,1164072.000000,-28565.000000
1772597802.969000,771169.000000,1164222.000000,-27808.000000
1772597803.009000,771234.000000,1164440.000000,-26950.000000
1772597803.049000,771290.000000,1164565.000000,-26164.000000
1772597803.089000,771022.000000,1163988.000000,-26096.000000
1772597803.129000,770805.000000,1163384.000000,-27174.000000
1772597803.169000,770621.000000,1162944.000000,-28619.000000
1772597803.209000,770505.000000,1162748.000000,-29856.000000
1772597803.249000,770554.000000,1162736.000000,-30742.000000
1772597803.289000,770478.000000,1162680.000000,-31545.000000
1772597803.329000,770571.000000,1162811.000000,-32042.000000
1772597803.369000,770597.000000,1162894.000000,-32369.000000
1772597803.409000,770636.000000,1162853.000000,-32746.000000
1772597803.449000,770515.000000,1162691.000000,-33156.000000
1772597803.489000,770418.000000,1162600.000000,-33511.000000
1772597803.529000,770343.000000,1162607.000000,-33683.000000
1772597803.569000,770229.000000,1162499.000000,-33646.000000
1772597803.609000,769997.000000,1162248.000000,-33492.000000
1772597803.649000,769922.000000,1162149.000000,-33260.000000
1772597803.689000,769791.000000,1162114.000000,-32981.000000
1772597803.729000,769700.000000,1162081.000000,-32518.000000
1772597803.769000,769527.000000,1161915.000000,-32106.000000
1772597803.809000,769443.000000,1161862.000000,-31620.000000
1772597803.849000,769286.000000,1161772.000000,-31056.000000
1772597803.889000,769156.000000,1161603.000000,-30497.000000
1772597803.929000,768977.000000,1161499.000000,-29868.000000
1772597803.969000,768809.000000,1161342.000000,-29171.000000
1772597804.009000,768663.000000,1161297.000000,-28470.000000
1772597804.049000,768400.000000,1160814.000000,-28115.000000
1772597804.089000,767938.000000,1159886.000000,-29027.000000
1772597804.129000,767425.000000,1159149.000000,-30502.000000
1772597804.169000,767240.000000,1158731.000000,-31934.000000
1772597804.209000,767037.000000,1158389.000000,-33084.000000
1772597804.249000,766887.000000,1158128.000000,-34169.000000
1772597804.289000,766801.000000,1157943.000000,-34881.000000
1772597804.329000,766674.000000,1157874.000000,-35330.000000
1772597804.369000,766543.000000,1157678.000000,-35791.000000
1772597804.409000,766265.000000,1157391.000000,-36207.000000
1772597804.449000,766148.000000,1157241.000000,-36707.000000
1772597804.489000,766103.000000,1157110.000000,-36927.000000
1772597804.529000,766015.000000,1157095.000000,-37062.000000
1772597804.569000,765966.000000,1157109.000000,-36903.000000
1772597804.609000,765896.000000,1157059.000000,-36702.000000
1772597804.649000,766017.000000,1157138.000000,-36495.000000
1772597804.689000,765963.000000,1157283.000000,-36178.000000
1772597804.729000,766046.000000,1157286.000000,-35867.000000
1772597804.769000,766289.000000,1157659.000000,-35343.000000
1772597804.809000,766409.000000,1157867.000000,-34871.000000
1772597804.849000,766566.000000,1158160.000000,-34243.000000
1772597804.889000,766565.000000,1158302.000000,-33579.000000
1772597804.929000,766508.000000,1158009.000000,-33347.000000
1772597804.969000,766398.000000,1157614.000000,-34109.000000
1772597805.009000,766176.000000,1157154.000000,-35452.000000
1772597805.049000,766054.000000,1157009.000000,-36618.000000
1772597805.089000,766099.000000,1157018.000000,-37481.000000
1772597805.129000,766288.000000,1157135.000000,-38186.000000
1772597805.169000,766354.000000,1157236.000000,-38593.000000
1772597805.209000,766110.000000,1157127.000000,-38642.000000
1772597805.249000,765818.000000,1156710.000000,-38976.000000
1772597805.289000,765495.000000,1156332.000000,-39299.000000
1772597805.329000,764913.000000,1155757.000000,-39552.000000
1772597805.369000,764688.000000,1155336.000000,-39679.000000
1772597805.409000,764634.000000,1155428.000000,-39554.000000
1772597805.449000,764710.000000,1155585.000000,-39343.000000
1772597805.489000,764862.000000,1155783.000000,-38884.000000
1772597805.529000,765048.000000,1156051.000000,-38376.000000
1772597805.569000,765065.000000,1156230.000000,-37930.000000
1772597805.609000,765059.000000,1156265.000000,-37412.000000
1772597805.649000,765185.000000,1156446.000000,-36765.000000
1772597805.689000,765310.000000,1156627.000000,-36181.000000
1772597805.729000,765438.000000,1156795.000000,-35408.000000
1772597805.769000,765427.000000,1156940.000000,-34607.000000
1772597805.809000,765293.000000,1156781.000000,-34020.000000
1772597805.849000,765052.000000,1156073.000000,-34616.000000
1772597805.889000,764888.000000,1155703.000000,-35955.000000
1772597805.929000,764941.000000,1155512.000000,-37307.000000
1772597805.969000,764960.000000,1155522.000000,-38418.000000
1772597806.009000,764940.000000,1155486.000000,-39482.000000
1772597806.049000,764889.000000,1155404.000000,-40265.000000
1772597806.089000,764841.000000,1155487.000000,-40711.000000
1772597806.129000,764888.000000,1155386.000000,-41017.000000
1772597806.169000,764993.000000,1155465.000000,-41291.000000
1772597806.209000,764935.000000,1155446.000000,-41566.000000
1772597806.249000,765130.000000,1155740.000000,-41771.000000
1772597806.289000,765120.000000,1155806.000000,-41767.000000
1772597806.329000,765062.000000,1155748.000000,-41482.000000
1772597806.369000,765010.000000,1155678.000000,-41201.000000
1772597806.409000,765138.000000,1155886.000000,-40814.000000
1772597806.449000,765227.000000,1156061.000000,-40353.000000
1772597806.489000,765331.000000,1156180.000000,-39799.000000
1772597806.529000,765247.000000,1156273.000000,-39238.000000
1772597806.569000,765004.000000,1156004.000000,-38660.000000
1772597806.609000,764887.000000,1156014.000000,-37927.000000
